signal,label,subject
"{'chest': {'ACC': array([[ 0.95539999, -0.222     , -0.55799997],
       [ 0.92579997, -0.2216    , -0.55379999],
       [ 0.90820003, -0.21960002, -0.53920001],
       ...,
       [ 0.87179995, -0.12379998, -0.30419999],
       [ 0.87300003, -0.12339997, -0.30260003],
       [ 0.87020004, -0.12199998, -0.30220002]], shape=(4255300, 3)), 'ECG': array([[ 0.02142334],
       [ 0.02032471],
       [ 0.01652527],
       ...,
       [-0.00544739],
       [ 0.00013733],
       [ 0.0040741 ]], shape=(4255300, 1)), 'EMG': array([[-0.00444031],
       [ 0.00434875],
       [ 0.00517273],
       ...,
       [-0.01716614],
       [-0.02897644],
       [-0.02357483]], shape=(4255300, 1)), 'EDA': array([[5.25054932],
       [5.26733398],
       [5.24330139],
       ...,
       [0.36048889],
       [0.36582947],
       [0.365448  ]], shape=(4255300, 1)), 'Temp': array([[30.120758],
       [30.129517],
       [30.138214],
       ...,
       [31.459229],
       [31.484283],
       [31.456268]], shape=(4255300, 1), dtype=float32), 'Resp': array([[-1.14898682],
       [-1.12457275],
       [-1.15203857],
       ...,
       [-1.10321045],
       [-1.08642578],
       [-1.09710693]], shape=(4255300, 1))}, 'wrist': {'ACC': array([[ 62., -21., 107.],
       [ 66.,  13.,  53.],
       [ 41.,   9.,  15.],
       ...,
       [ 41.,  25.,  11.],
       [ 39.,  27.,  22.],
       [ 56.,  26.,  10.]], shape=(194528, 3)), 'BVP': array([[-59.37],
       [-53.42],
       [-44.4 ],
       ...,
       [ 18.26],
       [ 18.68],
       [ 19.71]], shape=(389056, 1)), 'EDA': array([[1.138257],
       [1.125444],
       [1.011405],
       ...,
       [0.059208],
       [0.073303],
       [0.045113]], shape=(24316, 1)), 'TEMP': array([[35.41],
       [35.41],
       [35.41],
       ...,
       [34.23],
       [34.23],
       [34.23]], shape=(24316, 1))}}",[0 0 0 ... 0 0 0],S2
"{'chest': {'ACC': array([[ 7.20000029e-01, -1.38199985e-01,  3.19339991e+00],
       [ 5.68799973e-01, -2.28600025e-01,  3.18219995e+00],
       [ 3.99799943e-01, -3.13199997e-01,  2.94499993e+00],
       ...,
       [ 9.01800036e-01,  5.85999489e-02, -7.79998302e-03],
       [ 9.07400012e-01,  7.62000084e-02,  2.59995461e-03],
       [ 9.68199968e-01,  1.83400035e-01,  1.79999948e-01]],
      shape=(4545100, 3)), 'ECG': array([[-0.75663757],
       [-0.70820618],
       [-0.67396545],
       ...,
       [-0.24847412],
       [-0.18598938],
       [-0.14176941]], shape=(4545100, 1)), 'EMG': array([[ 0.00595093],
       [-0.0385437 ],
       [-0.04943848],
       ...,
       [-0.11604309],
       [-0.11082458],
       [-0.06486511]], shape=(4545100, 1)), 'EDA': array([[7.98835754],
       [7.98225403],
       [7.98339844],
       ...,
       [7.53211975],
       [7.53059387],
       [7.5340271 ]], shape=(4545100, 1)), 'Temp': array([[31.499023],
       [31.501953],
       [31.521149],
       ...,
       [33.228973],
       [33.215393],
       [33.242523]], shape=(4545100, 1), dtype=float32), 'Resp': array([[2.20489502],
       [2.18048096],
       [2.16674805],
       ...,
       [1.34429932],
       [1.34124756],
       [1.34429932]], shape=(4545100, 1))}, 'wrist': {'ACC': array([[-128.,  127.,  127.],
       [ -41.,   49.,   76.],
       [  -3.,   14.,   14.],
       ...,
       [ -55.,  -34.,   12.],
       [ -54.,  -34.,   11.],
       [ -54.,  -34.,   11.]], shape=(207776, 3)), 'BVP': array([[16.49],
       [15.8 ],
       [14.58],
       ...,
       [ 4.98],
       [ 4.74],
       [ 4.44]], shape=(415552, 1)), 'EDA': array([[2.248749],
       [2.710001],
       [2.554969],
       ...,
       [0.301362],
       [0.301362],
       [0.301362]], shape=(25972, 1)), 'TEMP': array([[31.73],
       [31.73],
       [31.73],
       ...,
       [30.81],
       [30.83],
       [30.83]], shape=(25972, 1))}}",[0 0 0 ... 0 0 0],S3
"{'chest': {'ACC': array([[ 1.55539989, -0.07840002,  1.36240005],
       [ 1.51300001, -0.10699999,  1.45860004],
       [ 1.4460001 , -0.10420001,  1.06040001],
       ...,
       [ 0.89020002, -0.079     , -0.23000002],
       [ 0.8908    , -0.07980001, -0.22659999],
       [ 0.88940001, -0.0794    , -0.22780001]], shape=(4496100, 3)), 'ECG': array([[-1.40538025],
       [-1.3996582 ],
       [-1.39338684],
       ...,
       [ 0.11128235],
       [ 0.12547302],
       [ 0.13499451]], shape=(4496100, 1)), 'EMG': array([[ 0.04417419],
       [ 0.01547241],
       [-0.03204346],
       ...,
       [ 0.00567627],
       [ 0.01625061],
       [-0.00013733]], shape=(4496100, 1)), 'EDA': array([[1.09634399],
       [1.09443665],
       [1.09405518],
       ...,
       [2.48260498],
       [2.49443054],
       [2.49404907]], shape=(4496100, 1)), 'Temp': array([[32.506256],
       [32.49878 ],
       [32.50177 ],
       ...,
       [33.630707],
       [33.633728],
       [33.62918 ]], shape=(4496100, 1), dtype=float32), 'Resp': array([[2.83660889],
       [2.83966064],
       [2.83813477],
       ...,
       [2.58178711],
       [2.57110596],
       [2.56195068]], shape=(4496100, 1))}, 'wrist': {'ACC': array([[-128.,  122.,   88.],
       [ -31.,  -34.,   77.],
       [ -61.,    4.,   62.],
       ...,
       [   5.,  -29.,   55.],
       [   6.,  -29.,   56.],
       [   6.,  -28.,   56.]], shape=(205536, 3)), 'BVP': array([[  -3.69],
       [  -5.53],
       [  -7.82],
       ...,
       [-102.58],
       [-105.06],
       [-106.6 ]], shape=(411072, 1)), 'EDA': array([[0.169117],
       [0.164001],
       [0.167838],
       ...,
       [0.139696],
       [0.138417],
       [0.139696]], shape=(25692, 1)), 'TEMP': array([[32.53],
       [32.53],
       [32.53],
       ...,
       [31.37],
       [31.37],
       [31.37]], shape=(25692, 1))}}",[0 0 0 ... 0 0 0],S4
"{'chest': {'ACC': array([[ 0.86059999,  0.07420003,  0.85699999],
       [ 0.84560001,  0.07799995,  0.85739994],
       [ 0.84099996,  0.08739996,  0.75699997],
       ...,
       [ 0.90960002, -0.05620003, -0.12940001],
       [ 0.9102    , -0.05580002, -0.13260001],
       [ 0.91059995, -0.05680001, -0.13739997]], shape=(4380600, 3)), 'ECG': array([[-0.27580261],
       [-0.22975159],
       [-0.19528198],
       ...,
       [ 0.01487732],
       [ 0.0292511 ],
       [ 0.03886414]], shape=(4380600, 1)), 'EMG': array([[ 0.01679993],
       [ 0.01496887],
       [ 0.01533508],
       ...,
       [-0.01368713],
       [-0.00100708],
       [ 0.003479  ]], shape=(4380600, 1)), 'EDA': array([[ 3.88832092],
       [ 3.91311646],
       [ 3.87306213],
       ...,
       [10.23101807],
       [10.2306366 ],
       [10.2306366 ]], shape=(4380600, 1)), 'Temp': array([[34.119934],
       [34.142822],
       [34.135193],
       ...,
       [34.949463],
       [34.97107 ],
       [34.940247]], shape=(4380600, 1), dtype=float32), 'Resp': array([[0.04425049],
       [0.03204346],
       [0.01525879],
       ...,
       [7.05718994],
       [7.09075928],
       [7.07550049]], shape=(4380600, 1))}, 'wrist': {'ACC': array([[-16., -45., 127.],
       [ 69.,   9., 127.],
       [ 45.,  35., -12.],
       ...,
       [ 45.,  39.,  20.],
       [ 46.,  39.,  20.],
       [ 46.,  39.,  19.]], shape=(200256, 3)), 'BVP': array([[-7.25],
       [-8.57],
       [-9.48],
       ...,
       [-4.13],
       [-7.07],
       [-9.88]], shape=(400512, 1)), 'EDA': array([[0.547723],
       [0.481218],
       [0.518239],
       ...,
       [0.985122],
       [0.965938],
       [0.955706]], shape=(25032, 1)), 'TEMP': array([[34.09],
       [34.09],
       [34.09],
       ...,
       [31.03],
       [31.03],
       [31.01]], shape=(25032, 1))}}",[0 0 0 ... 0 0 0],S5
"{'chest': {'ACC': array([[ 0.35099995, -0.19059998,  2.28419995],
       [ 0.44219995, -0.1142    ,  2.22160006],
       [ 0.53219998, -0.0582    ,  1.92420006],
       ...,
       [ 0.87979996, -0.06379998, -0.24019998],
       [ 0.88540006, -0.06620002, -0.24379998],
       [ 0.88380003, -0.06739998, -0.24779999]], shape=(4949700, 3)), 'ECG': array([[0.03337097],
       [0.03639221],
       [0.04046631],
       ...,
       [1.44621277],
       [1.43962097],
       [1.43284607]], shape=(4949700, 1)), 'EMG': array([[ 0.05534363],
       [ 0.03877258],
       [ 0.0160675 ],
       ...,
       [-0.01670837],
       [-0.01524353],
       [-0.01441956]], shape=(4949700, 1)), 'EDA': array([[ 9.85984802],
       [ 9.8613739 ],
       [ 9.86175537],
       ...,
       [11.14959717],
       [11.14578247],
       [11.14692688]], shape=(4949700, 1)), 'Temp': array([[33.037903],
       [33.04239 ],
       [33.05139 ],
       ...,
       [33.829376],
       [33.815674],
       [33.83542 ]], shape=(4949700, 1), dtype=float32), 'Resp': array([[ 3.10668945],
       [ 3.11126709],
       [ 3.12652588],
       ...,
       [ 0.45928955],
       [-0.09918213],
       [ 0.4776001 ]], shape=(4949700, 1))}, 'wrist': {'ACC': array([[112., -19., 127.],
       [ 44.,  18.,  10.],
       [ 52.,  16.,  30.],
       ...,
       [ 38.,  32., -15.],
       [ 35.,  39., -37.],
       [ 48.,  45., -51.]], shape=(226272, 3)), 'BVP': array([[  4.26],
       [  3.12],
       [  1.7 ],
       ...,
       [-40.67],
       [-47.72],
       [-53.59]], shape=(452544, 1)), 'EDA': array([[2.779563],
       [2.785958],
       [2.761658],
       ...,
       [5.724445],
       [5.670729],
       [5.324135]], shape=(28284, 1)), 'TEMP': array([[30.03],
       [30.03],
       [30.03],
       ...,
       [32.61],
       [32.59],
       [32.59]], shape=(28284, 1))}}",[0 0 0 ... 0 0 0],S6
"{'chest': {'ACC': array([[ 1.06960011, -0.014     ,  1.4612    ],
       [ 1.06539989, -0.01020002,  1.42219996],
       [ 1.06539989,  0.00419998,  1.32019997],
       ...,
       [ 0.84660006, -0.10820001, -0.05739999],
       [ 0.84220004, -0.11379999, -0.08139998],
       [ 0.83340001, -0.11519998, -0.10259998]], shape=(3666600, 3)), 'ECG': array([[-0.01922607],
       [-0.01693726],
       [-0.01615906],
       ...,
       [ 0.08638   ],
       [ 0.13993835],
       [ 0.23899841]], shape=(3666600, 1)), 'EMG': array([[-0.04884338],
       [-0.00700378],
       [ 0.07177734],
       ...,
       [ 0.19976807],
       [ 0.22764587],
       [ 0.21807861]], shape=(3666600, 1)), 'EDA': array([[12.50686646],
       [12.46871948],
       [12.50686646],
       ...,
       [13.09013367],
       [13.08135986],
       [13.08021545]], shape=(3666600, 1)), 'Temp': array([[33.99353 ],
       [33.93268 ],
       [33.970703],
       ...,
       [34.9433  ],
       [34.940247],
       [34.947906]], shape=(3666600, 1), dtype=float32), 'Resp': array([[1.83258057],
       [1.83563232],
       [1.85699463],
       ...,
       [0.80413818],
       [0.83465576],
       [0.83770752]], shape=(3666600, 1))}, 'wrist': {'ACC': array([[127., -50., 127.],
       [127.,  46.,  -8.],
       [ 90.,  24.,  57.],
       ...,
       [  9.,  17.,  59.],
       [ 11.,  17.,  59.],
       [ 10.,  17.,  59.]], shape=(167616, 3)), 'BVP': array([[  9.57],
       [  7.41],
       [  5.11],
       ...,
       [-29.52],
       [-28.97],
       [-28.04]], shape=(335232, 1)), 'EDA': array([[5.969716],
       [6.1002  ],
       [6.096362],
       ...,
       [4.767331],
       [4.762214],
       [4.764772]], shape=(20952, 1)), 'TEMP': array([[33.25],
       [33.25],
       [33.25],
       ...,
       [31.23],
       [31.23],
       [31.23]], shape=(20952, 1))}}",[0 0 0 ... 0 0 0],S7
"{'chest': {'ACC': array([[ 8.74600053e-01, -2.31999755e-02,  2.76200056e-01],
       [ 8.80200028e-01, -1.13999844e-02,  2.63800025e-01],
       [ 8.86999965e-01,  2.00033188e-04,  2.38199949e-01],
       ...,
       [ 9.13800001e-01, -4.99999523e-03, -6.01999760e-02],
       [ 9.13800001e-01, -5.80000877e-03, -5.86000085e-02],
       [ 9.14600015e-01, -7.20000267e-03, -6.26000166e-02]],
      shape=(3826200, 3)), 'ECG': array([[ 0.16950989],
       [ 0.16639709],
       [ 0.16337585],
       ...,
       [-0.02183533],
       [-0.01629639],
       [-0.00823975]], shape=(3826200, 1)), 'EMG': array([[-0.00535583],
       [ 0.00993347],
       [ 0.01478577],
       ...,
       [-0.00119019],
       [-0.0100708 ],
       [-0.00979614]], shape=(3826200, 1)), 'EDA': array([[4.36859131],
       [4.37202454],
       [4.38194275],
       ...,
       [3.51028442],
       [3.50608826],
       [3.50456238]], shape=(3826200, 1)), 'Temp': array([[34.264893],
       [34.28018 ],
       [34.263397],
       ...,
       [35.432373],
       [35.547394],
       [35.538086]], shape=(3826200, 1), dtype=float32), 'Resp': array([[-1.71813965],
       [-1.71661377],
       [-1.70593262],
       ...,
       [ 0.72784424],
       [ 0.70343018],
       [ 0.75073242]], shape=(3826200, 1))}, 'wrist': {'ACC': array([[  -7.,  -15.,  -34.],
       [ -38.,  127.,  127.],
       [ 127.,  -48.,  127.],
       ...,
       [  62.,  -22.,  -93.],
       [-128.,  127.,  127.],
       [ 127.,   62.,  127.]], shape=(174912, 3)), 'BVP': array([[-3.27],
       [ 6.25],
       [13.86],
       ...,
       [ 4.59],
       [ 3.35],
       [ 1.99]], shape=(349824, 1)), 'EDA': array([[0.503081],
       [0.515874],
       [0.799868],
       ...,
       [0.270188],
       [0.270188],
       [0.271468]], shape=(21864, 1)), 'TEMP': array([[33.25],
       [33.25],
       [33.29],
       ...,
       [31.59],
       [31.61],
       [31.61]], shape=(21864, 1))}}",[0 0 0 ... 0 0 0],S8
"{'chest': {'ACC': array([[ 1.07859993, -0.10460001,  0.57700002],
       [ 1.12420011, -0.09579998,  0.55579996],
       [ 1.15100002, -0.09780002,  0.47060001],
       ...,
       [ 0.92260003, -0.01179999, -0.12339997],
       [ 0.91939998, -0.00980002, -0.12459999],
       [ 0.91779995, -0.00819999, -0.12720001]], shape=(3656100, 3)), 'ECG': array([[-0.05058289],
       [-0.05680847],
       [-0.0476532 ],
       ...,
       [ 0.26225281],
       [ 0.14726257],
       [ 0.05259705]], shape=(3656100, 1)), 'EMG': array([[ 0.00091553],
       [-0.03337097],
       [-0.06536865],
       ...,
       [-0.01515198],
       [ 0.00823975],
       [-0.00942993]], shape=(3656100, 1)), 'EDA': array([[1.96113586],
       [1.97868347],
       [1.96075439],
       ...,
       [3.53050232],
       [3.52096558],
       [3.52859497]], shape=(3656100, 1)), 'Temp': array([[33.68225 ],
       [33.704956],
       [33.70044 ],
       ...,
       [34.83853 ],
       [34.86621 ],
       [34.87085 ]], shape=(3656100, 1), dtype=float32), 'Resp': array([[-0.98571777],
       [-0.9979248 ],
       [-0.97045898],
       ...,
       [-2.67181396],
       [-2.65960693],
       [-2.67791748]], shape=(3656100, 1))}, 'wrist': {'ACC': array([[-128.,  -55.,  127.],
       [-128.,   -3.,   85.],
       [  30.,   75.,   56.],
       ...,
       [  28.,   50.,   23.],
       [   3.,   60.,   39.],
       [ -26.,   29.,   50.]], shape=(167136, 3)), 'BVP': array([[-10.02],
       [ -7.43],
       [ -4.57],
       ...,
       [ 29.07],
       [ 27.74],
       [ 25.88]], shape=(334272, 1)), 'EDA': array([[0.329014],
       [0.326456],
       [0.336689],
       ...,
       [0.496586],
       [0.497865],
       [0.496586]], shape=(20892, 1)), 'TEMP': array([[33.87],
       [33.87],
       [33.87],
       ...,
       [31.97],
       [31.97],
       [31.97]], shape=(20892, 1))}}",[0 0 0 ... 0 0 0],S9
"{'chest': {'ACC': array([[ 1.12779999,  0.15199995,  0.34159994],
       [ 1.09319997,  0.18879998,  0.29219997],
       [ 1.03539991,  0.20940006,  0.18579996],
       ...,
       [ 0.89419997,  0.03380001, -0.21460003],
       [ 0.89499998,  0.03419995, -0.21820003],
       [ 0.89639997,  0.03260005, -0.22140002]], shape=(3847200, 3)), 'ECG': array([[-1.33369446],
       [-1.32774353],
       [-1.32206726],
       ...,
       [ 0.53050232],
       [ 0.53375244],
       [ 0.54057312]], shape=(3847200, 1)), 'EMG': array([[-0.01368713],
       [-0.02192688],
       [-0.00901794],
       ...,
       [ 0.00654602],
       [-0.00141907],
       [-0.00814819]], shape=(3847200, 1)), 'EDA': array([[0.71601868],
       [0.7144928 ],
       [0.71563721],
       ...,
       [1.70440674],
       [1.74827576],
       [1.72462463]], shape=(3847200, 1)), 'Temp': array([[33.69586 ],
       [33.741333],
       [33.71707 ],
       ...,
       [35.020447],
       [34.932495],
       [34.944824]], shape=(3847200, 1), dtype=float32), 'Resp': array([[ 0.21362305],
       [ 0.19226074],
       [ 0.20599365],
       ...,
       [-2.18353271],
       [-2.003479  ],
       [-2.03094482]], shape=(3847200, 1))}, 'wrist': {'ACC': array([[ 107., -105.,  127.],
       [  67.,  -52.,   45.],
       [  26.,   40.,    0.],
       ...,
       [  54.,   23.,   24.],
       [  54.,   23.,   24.],
       [  54.,   23.,   24.]], shape=(175872, 3)), 'BVP': array([[10.17],
       [12.04],
       [13.01],
       ...,
       [57.59],
       [65.93],
       [69.86]], shape=(351744, 1)), 'EDA': array([[0.349215],
       [0.346656],
       [0.350494],
       ...,
       [0.931574],
       [0.932854],
       [0.932854]], shape=(21984, 1)), 'TEMP': array([[33.13],
       [33.16],
       [33.16],
       ...,
       [30.83],
       [30.83],
       [30.83]], shape=(21984, 1))}}",[0 0 0 ... 0 0 0],S10
"{'chest': {'ACC': array([[ 0.76740003,  0.42260003,  1.76620007],
       [ 0.73259997,  0.28779995,  1.72340012],
       [ 0.68939996,  0.11459994,  1.55500007],
       ...,
       [ 0.88139999,  0.05499995, -0.31900001],
       [ 0.87660003,  0.0546    , -0.32560003],
       [ 0.8714    ,  0.05540001, -0.32840002]], shape=(3663100, 3)), 'ECG': array([[ 0.02009583],
       [ 0.03684998],
       [ 0.0536499 ],
       ...,
       [-0.02677917],
       [-0.00682068],
       [ 0.01643372]], shape=(3663100, 1)), 'EMG': array([[-0.01387024],
       [-0.00201416],
       [-0.00759888],
       ...,
       [-0.04550171],
       [-0.04197693],
       [-0.02082825]], shape=(3663100, 1)), 'EDA': array([[6.60743713],
       [6.60324097],
       [6.60552979],
       ...,
       [6.37817383],
       [6.37702942],
       [6.38008118]], shape=(3663100, 1)), 'Temp': array([[33.520264],
       [33.494537],
       [33.50815 ],
       ...,
       [35.014282],
       [35.01892 ],
       [35.02353 ]], shape=(3663100, 1), dtype=float32), 'Resp': array([[ 2.12097168],
       [ 2.11334229],
       [ 2.12249756],
       ...,
       [-0.63934326],
       [-0.64849854],
       [-0.68206787]], shape=(3663100, 1))}, 'wrist': {'ACC': array([[-128.,  127.,  127.],
       [ -46.,    2.,   92.],
       [ -82.,  -34.,    5.],
       ...,
       [ -42.,  -38.,  -21.],
       [ -25.,  -42.,  -18.],
       [ -31.,  -44.,  -13.]], shape=(167456, 3)), 'BVP': array([[-12.14],
       [ -6.2 ],
       [ -0.58],
       ...,
       [  5.76],
       [  5.48],
       [  5.1 ]], shape=(334912, 1)), 'EDA': array([[4.4455  ],
       [4.911148],
       [4.741007],
       ...,
       [1.860665],
       [1.842755],
       [1.946375]], shape=(20932, 1)), 'TEMP': array([[34.  ],
       [34.  ],
       [34.  ],
       ...,
       [31.53],
       [31.53],
       [31.53]], shape=(20932, 1))}}",[0 0 0 ... 0 0 0],S11
"{'chest': {'ACC': array([[ 0.97259998, -0.14120001,  0.23179996],
       [ 0.99100006, -0.08279997,  0.20780003],
       [ 0.99779999, -0.023     ,  0.02380002],
       ...,
       [ 0.93420005,  0.09459996, -0.12019998],
       [ 0.93700004,  0.10099995, -0.1128    ],
       [ 0.9382    ,  0.10220003, -0.11299998]], shape=(3875900, 3)), 'ECG': array([[-0.27278137],
       [-0.27104187],
       [-0.26394653],
       ...,
       [-0.15142822],
       [-0.15769958],
       [-0.15934753]], shape=(3875900, 1)), 'EMG': array([[-0.00498962],
       [-0.04788208],
       [-0.06752014],
       ...,
       [-0.00485229],
       [ 0.00801086],
       [ 0.00068665]], shape=(3875900, 1)), 'EDA': array([[2.34718323],
       [2.36778259],
       [2.35862732],
       ...,
       [3.52859497],
       [3.51676941],
       [3.52897644]], shape=(3875900, 1)), 'Temp': array([[32.62726 ],
       [32.622772],
       [32.621246],
       ...,
       [34.167206],
       [34.159607],
       [34.15808 ]], shape=(3875900, 1), dtype=float32), 'Resp': array([[ 0.050354  ],
       [ 0.40435791],
       [ 0.40588379],
       ...,
       [-0.51727295],
       [-0.61798096],
       [-0.4989624 ]], shape=(3875900, 1))}, 'wrist': {'ACC': array([[ 54., -57., 127.],
       [ 35.,  50.,  40.],
       [  3.,  30.,  -2.],
       ...,
       [ 46.,  39.,  18.],
       [ 47.,  40.,  18.],
       [ 47.,  39.,  19.]], shape=(177184, 3)), 'BVP': array([[  44.2 ],
       [  42.39],
       [  40.48],
       ...,
       [-342.38],
       [-352.82],
       [-357.59]], shape=(354368, 1)), 'EDA': array([[9.149161],
       [8.816556],
       [8.713039],
       ...,
       [3.317144],
       [3.317144],
       [3.331215]], shape=(22148, 1)), 'TEMP': array([[34.71],
       [34.71],
       [34.68],
       ...,
       [34.05],
       [34.05],
       [34.05]], shape=(22148, 1))}}",[0 0 0 ... 0 0 0],S13
"{'chest': {'ACC': array([[ 0.76540005, -0.18879998,  0.3714    ],
       [ 0.71599996, -0.22960001,  0.39499998],
       [ 0.68400002, -0.25800002,  0.39339995],
       ...,
       [ 0.86860001,  0.10220003, -0.26700002],
       [ 0.86860001,  0.1006    , -0.26700002],
       [ 0.86740005,  0.09979999, -0.26120001]], shape=(3883600, 3)), 'ECG': array([[-0.17088318],
       [-0.15261841],
       [-0.13197327],
       ...,
       [ 0.33851624],
       [ 0.35334778],
       [ 0.34382629]], shape=(3883600, 1)), 'EMG': array([[ 0.01011658],
       [ 0.01194763],
       [ 0.02375793],
       ...,
       [ 0.00700378],
       [-0.01881409],
       [-0.01322937]], shape=(3883600, 1)), 'EDA': array([[2.73895264],
       [2.72712708],
       [2.74009705],
       ...,
       [2.99110413],
       [2.98881531],
       [3.00292969]], shape=(3883600, 1)), 'Temp': array([[32.8248  ],
       [32.8248  ],
       [32.809814],
       ...,
       [34.506653],
       [34.51587 ],
       [34.448456]], shape=(3883600, 1), dtype=float32), 'Resp': array([[-1.33056641],
       [-1.3168335 ],
       [-1.29241943],
       ...,
       [ 6.48803711],
       [ 6.64367676],
       [ 6.66046143]], shape=(3883600, 1))}, 'wrist': {'ACC': array([[ -23.,   31.,  127.],
       [-128.,  -31.,   62.],
       [ -54.,  -58.,   26.],
       ...,
       [ -47.,  -45.,    6.],
       [ -47.,  -44.,    8.],
       [ -47.,  -45.,    8.]], shape=(177536, 3)), 'BVP': array([[  -8.27],
       [  -9.52],
       [ -10.68],
       ...,
       [-123.97],
       [-160.08],
       [-195.94]], shape=(355072, 1)), 'EDA': array([[0.277864],
       [0.266351],
       [0.195992],
       ...,
       [0.080859],
       [0.060391],
       [0.175257]], shape=(22192, 1)), 'TEMP': array([[31.97],
       [31.97],
       [31.97],
       ...,
       [31.21],
       [31.21],
       [31.21]], shape=(22192, 1))}}",[0 0 0 ... 0 0 0],S14
"{'chest': {'ACC': array([[ 0.82959998,  0.31219995,  1.1473999 ],
       [ 0.83099997,  0.29700005,  1.23900008],
       [ 0.84500003,  0.26100004,  1.24499989],
       ...,
       [ 0.92299998,  0.06099999, -0.17820001],
       [ 0.92180002,  0.0632    , -0.17460001],
       [ 0.921     ,  0.06340003, -0.16460001]], shape=(3676400, 3)), 'ECG': array([[-0.02554321],
       [-0.01295471],
       [ 0.0025177 ],
       ...,
       [-0.13829041],
       [-0.11210632],
       [-0.09159851]], shape=(3676400, 1)), 'EMG': array([[-0.01615906],
       [-0.0141449 ],
       [-0.01300049],
       ...,
       [-0.01094055],
       [-0.01808167],
       [-0.02032471]], shape=(3676400, 1)), 'EDA': array([[1.36222839],
       [1.35765076],
       [1.34544373],
       ...,
       [4.12025452],
       [4.1229248 ],
       [4.13017273]], shape=(3676400, 1)), 'Temp': array([[33.493042],
       [33.447693],
       [33.480957],
       ...,
       [34.335205],
       [34.388763],
       [34.4209  ]], shape=(3676400, 1), dtype=float32), 'Resp': array([[ 0.69122314],
       [ 0.6942749 ],
       [ 0.69580078],
       ...,
       [-1.10015869],
       [-1.10626221],
       [-1.07879639]], shape=(3676400, 1))}, 'wrist': {'ACC': array([[ 40., -45., 127.],
       [127.,  33.,  54.],
       [ 38.,  30.,  17.],
       ...,
       [ 16.,  16., -11.],
       [ 26., -50., 127.],
       [ 86.,  24.,  71.]], shape=(168064, 3)), 'BVP': array([[ 1.35],
       [ 1.15],
       [ 1.13],
       ...,
       [19.77],
       [18.51],
       [16.52]], shape=(336128, 1)), 'EDA': array([[0.220298],
       [0.170407],
       [0.189596],
       ...,
       [0.454401],
       [0.451842],
       [0.453121]], shape=(21008, 1)), 'TEMP': array([[29.79],
       [29.79],
       [29.79],
       ...,
       [29.11],
       [29.11],
       [29.07]], shape=(21008, 1))}}",[0 0 0 ... 0 0 0],S15
"{'chest': {'ACC': array([[ 0.71599996,  0.08560002,  1.6184001 ],
       [ 0.60759997,  0.03919995,  1.51920009],
       [ 0.52520001, -0.01419997,  1.31520009],
       ...,
       [ 0.90820003, -0.02100003, -0.14539999],
       [ 0.90740001, -0.0194    , -0.14539999],
       [ 0.90480006, -0.0194    , -0.14539999]], shape=(3941700, 3)), 'ECG': array([[ 0.05278015],
       [ 0.01853943],
       [-0.03712463],
       ...,
       [-0.0426178 ],
       [-0.03570557],
       [-0.02810669]], shape=(3941700, 1)), 'EMG': array([[-0.03744507],
       [ 0.00682068],
       [ 0.02906799],
       ...,
       [-0.01277161],
       [-0.00352478],
       [ 0.01075745]], shape=(3941700, 1)), 'EDA': array([[0.96321106],
       [0.94642639],
       [0.9803772 ],
       ...,
       [2.07595825],
       [2.07061768],
       [2.06985474]], shape=(3941700, 1)), 'Temp': array([[33.405396],
       [33.42804 ],
       [33.408447],
       ...,
       [34.319916],
       [34.316895],
       [34.330627]], shape=(3941700, 1), dtype=float32), 'Resp': array([[-1.38397217],
       [-1.39770508],
       [-1.41143799],
       ...,
       [-2.79693604],
       [-2.80761719],
       [-2.81219482]], shape=(3941700, 1))}, 'wrist': {'ACC': array([[ 86., -38., 112.],
       [-40.,  26.,  -5.],
       [ 90.,  40.,   0.],
       ...,
       [ 47.,  40.,   2.],
       [ 48.,  39.,   3.],
       [ 49.,  39.,   3.]], shape=(180192, 3)), 'BVP': array([[-1.6 ],
       [-2.09],
       [-2.72],
       ...,
       [94.31],
       [94.96],
       [84.97]], shape=(360384, 1)), 'EDA': array([[0.254602],
       [0.253322],
       [0.250763],
       ...,
       [0.405838],
       [0.409676],
       [0.412235]], shape=(22524, 1)), 'TEMP': array([[29.43],
       [29.43],
       [29.43],
       ...,
       [29.57],
       [29.57],
       [29.57]], shape=(22524, 1))}}",[0 0 0 ... 0 0 0],S16
"{'chest': {'ACC': array([[ 0.70019996, -0.19819999, -1.07019997],
       [ 0.72940004, -0.19019997, -1.04700005],
       [ 0.76460004, -0.18400002, -1.00460005],
       ...,
       [ 0.90279996, -0.0424    , -0.1864    ],
       [ 0.90020001, -0.04079998, -0.18540001],
       [ 0.89960003, -0.04140002, -0.18620002]], shape=(4144000, 3)), 'ECG': array([[1.43179321],
       [1.46195984],
       [1.47161865],
       ...,
       [0.16712952],
       [0.17033386],
       [0.17523193]], shape=(4144000, 1)), 'EMG': array([[ 0.00709534],
       [-0.0124054 ],
       [-0.01808167],
       ...,
       [-0.0160675 ],
       [ 0.00517273],
       [ 0.02275085]], shape=(4144000, 1)), 'EDA': array([[5.40046692],
       [5.40885925],
       [5.40161133],
       ...,
       [7.26280212],
       [7.26966858],
       [7.2681427 ]], shape=(4144000, 1)), 'Temp': array([[32.415283],
       [32.43463 ],
       [32.4451  ],
       ...,
       [33.86429 ],
       [33.862762],
       [33.868835]], shape=(4144000, 1), dtype=float32), 'Resp': array([[3.22113037],
       [3.60717773],
       [3.60870361],
       ...,
       [0.31890869],
       [0.30822754],
       [0.2746582 ]], shape=(4144000, 1))}, 'wrist': {'ACC': array([[ -36.,  -38., -128.],
       [  -9.,   -9.,    2.],
       [ 113.,  -25.,   86.],
       ...,
       [ -38.,  -43.,  -93.],
       [   2.,  -52., -105.],
       [-128.,   86.,  127.]], shape=(189440, 3)), 'BVP': array([[-0.49],
       [-0.38],
       [-0.36],
       ...,
       [-4.43],
       [-5.44],
       [-6.21]], shape=(378880, 1)), 'EDA': array([[2.015176],
       [2.012617],
       [2.001103],
       ...,
       [0.78717 ],
       [0.784611],
       [0.783331]], shape=(23680, 1)), 'TEMP': array([[33.39],
       [33.37],
       [33.37],
       ...,
       [31.81],
       [31.81],
       [31.81]], shape=(23680, 1))}}",[0 0 0 ... 0 0 0],S17
